Column1,Column2,Column3,Column4,Column5,Column6,Column7,Column8,Column9,Column10,Column11,Column12,Column13,Column14,Column15,Column16,Column17,Column18,Column19,Column20,Column21,Column22,Column23,Column24,Column25,Column26,Column27,Column28,Column29,Column30,Column31,Column32,Column33,Column34,Column35,Column36,Column37,Column38,Column39,Column40,Column41,Column42,Column43,Column44,Column45,Column46,Column47,Column48,Column49,Column50,Column51
0.0,100000.0,200000.0,300000.0,400000.0,500000.0,600000.0,700000.0,800000.0,900000.0,1.0e6,1.1e6,1.2e6,1.3e6,1.4e6,1.5e6,1.6e6,1.7e6,1.8e6,1.9e6,2.0e6,2.1e6,2.2e6,2.3e6,2.4e6,2.5e6,2.6e6,2.7e6,2.8e6,2.9e6,3.0e6,3.1e6,3.2e6,3.3e6,3.4e6,3.5e6,3.6e6,3.7e6,3.8e6,3.9e6,4.0e6,4.1e6,4.2e6,4.3e6,4.4e6,4.5e6,4.6e6,4.7e6,4.8e6,4.9e6,5.0e6
-20.0,-0.501794191495927,-0.6861021074033099,-0.6672402906321113,-0.5371863366582436,-0.4854399030560526,-0.6778121645028498,-0.6846443894044144,-2.675908048025525,-0.4994576759272531,-0.9021014687157616,-0.9088669720847865,-0.9789004112902201,-1.0349132642502639,-1.0797419465409184,-1.1183107229341027,-1.155268821659327,-1.1869237408904274,-1.2078656993875425,-1.2130055814830827,-1.1971900709310095,-1.1917322800877979,-1.2225351434117746,-1.2497774801740191,-1.2740643567823238,-1.2957570189858734,-1.3159769691019365,-1.335414990709489,-1.3521518975681952,-1.36836977445584,-1.383234340183676,-1.3973414865284146,-1.4101166196488186,-1.4231988633755965,-1.434103458900731,-1.4456474985177974,-1.4561227221324302,-1.4655379280013567,-1.475337384506103,-1.4843440688860805,-1.4920922763049704,-1.4997853332643687,-1.5075359385515326,-1.5142679438535633,-1.5199703394436048,-1.5253272426005606,-1.5304273169693714,-1.5353541024934063,-1.5398584287530193,-1.5435191414425118,-1.5465454120229325
-19.0,-0.44926845045649666,-0.6386555704806044,-0.6535588517697285,-0.4620068035619267,-0.4778403130200935,-0.6648984618119469,-0.6568589957820715,-0.7439982699909164,-0.9652809556017696,-1.0568616448792898,-1.027084724365306,-1.0794893650017832,-1.1155168707715952,-1.1471025884004673,-1.1757385275460321,-1.203976542073459,-1.2308533417095877,-1.253537665898037,-1.2700598593596895,-1.2751839513018821,-1.2655554613480837,-1.2512176259959114,-1.2762291515705604,-1.2993395205354124,-1.3199234933133737,-1.3381175144377542,-1.355687071518882,-1.3702895592004234,-1.3847451495570766,-1.3968349697301452,-1.4089905191251708,-1.419970792364931,-1.4299888357478074,-1.440214698536573,-1.449241510370996,-1.4576167243992955,-1.4661641789281243,-1.4743141596101268,-1.4813621350621515,-1.488330112818503,-1.4954288424040547,-1.5020756176176395,-1.507797549117404,-1.513362890591752,-1.5188203204715756,-1.5241774551056895,-1.5291734310869938,-1.5334443864939697,-1.537326980293325,-1.5409905507949142
-18.0,-0.6454823352284426,-0.6378084927461403,-0.619063276218722,-0.46583373316372323,-0.4494671392301708,-0.462617674398511,-0.9021833630234757,-0.9878146035568393,-1.0630663291401081,-1.1153836746787764,-1.0930205211015802,-1.1278993174096916,-1.157996872769321,-1.1838042008344722,-1.2072842412811529,-1.2293192513462203,-1.2513906618765154,-1.271714917075776,-1.2899962392155702,-1.3045203870719633,-1.313051561704712,-1.3133461457645481,-1.3031595685691126,-1.297069889515322,-1.3159986515647704,-1.3328192199687454,-1.3487535359727238,-1.3632491029362424,-1.3768018308826755,-1.3889257143747886,-1.4006631601824329,-1.410647464720238,-1.420460575225905,-1.4295862156134924,-1.4375460020108384,-1.4453616174547024,-1.4530040994921074,-1.459639842028537,-1.4658889511029471,-1.4720628053358766,-1.4782036383174137,-1.4838222212831285,-1.4888960024689788,-1.4938520437064566,-1.4987515819335349,-1.503615430357826,-1.5082100430033547,-1.5122921201360808,-1.5161267951028732,-1.5197919093017218
-17.0,-0.588339142939271,-0.5941375896877447,-0.6215866134529401,-0.42970565568878094,-0.8053196443735859,-0.9682529856689043,-1.0072178731061021,-1.0597689354117639,-1.1034628918066527,-1.1410245327980884,-1.1565734690486218,-1.146382206838322,-1.1740642141918807,-1.1971180501167655,-1.2174725077441586,-1.2363628634301624,-1.254573147003812,-1.2721253074878343,-1.2889262769691305,-1.303943261627107,-1.3171271302595537,-1.3265547044086434,-1.3312842598403831,-1.3311827687171505,-1.3253453271080622,-1.3165713540913633,-1.3303687037246301,-1.3434269068239755,-1.35532653641166,-1.3663137172898887,-1.3769014904216856,-1.3861247498113964,-1.3951024115063304,-1.4035805182389551,-1.4110195155179208,-1.4182425539570178,-1.4252745766529633,-1.4315526340323694,-1.4373530572973539,-1.443028230156405,-1.4486091008232702,-1.4538235584886214,-1.458494729421619,-1.4630038053016323,-1.4674309495617353,-1.471797183927167,-1.4759855095403354,-1.4798288180100272,-1.4833575392430034,-1.4867776277663458
-16.0,-0.5704379413315286,-0.6068858362985172,-0.5873028003046289,-0.767052952959301,-0.9438480177805313,-1.033429089960518,-1.0523803071267346,-1.0907289980582147,-1.1188217919678818,-1.1450187675082037,-1.1678907666752771,-1.1715725193126043,-1.1698329814347097,-1.1921955226221934,-1.2114364994683329,-1.2287142421192727,-1.2446660710012176,-1.2598351342823702,-1.2741868140441392,-1.2877198514603294,-1.3002125394168857,-1.3113929230666383,-1.32085598468835,-1.327297677561702,-1.33104326002253,-1.3319686056056816,-1.3298365681211222,-1.3239862901639872,-1.3265649510529947,-1.3367995396768448,-1.346373343862383,-1.354887283665098,-1.3630621494898123,-1.3705658536429892,-1.3772569759716915,-1.3837182489776936,-1.38990442243875,-1.3954674385314383,-1.4005835046384474,-1.4055256542237644,-1.4103197694169867,-1.4148387482668072,-1.4189345849915345,-1.4228052504875812,-1.4265704379476873,-1.4302539778225614,-1.4338290334068382,-1.437213518448098,-1.4403374682480627,-1.4432935582620479
-15.0,-0.5669192580450393,-0.5689078272706269,-0.770918958166178,-0.9090467818290383,-1.0078970741804916,-1.0568622225798305,-1.0892321881842513,-1.0944103264113614,-1.1150816617800834,-1.1348478693733863,-1.1551694288066723,-1.172223445382491,-1.1733812967195978,-1.1723586062529259,-1.191566833548378,-1.2084730916187487,-1.223211216236537,-1.2367645920007366,-1.2489966031727164,-1.2605500646192864,-1.2710888458173124,-1.2811585055745582,-1.290133180534571,-1.2983208680549643,-1.305082437743061,-1.3100401569242093,-1.313403510502371,-1.3152163342088559,-1.3154794911610395,-1.314054991859072,-1.3105455063519225,-1.3139901219850825,-1.321461104532725,-1.3282748662412736,-1.3344543051374544,-1.340387847867138,-1.345981714451774,-1.3510314889992228,-1.355779037385562,-1.3603545804706672,-1.364720169669142,-1.3687730020489899,-1.372478371472342,-1.3760272572288166,-1.3794638755394453,-1.3827875239628515,-1.385949871382985,-1.3889078200907476,-1.391652161770785,-1.3942954929603297
-14.0,-0.5664114348729237,-0.68850078183124,-0.8875790321873753,-0.9828254286231959,-1.0338355578841372,-1.0541636872982372,-1.0736231601791433,-1.079137203960952,-1.0927249212956271,-1.1099455594074308,-1.1272238530692584,-1.1448993027194627,-1.1602442943189681,-1.1663043728998586,-1.1552137572497236,-1.1729954652894532,-1.1882676686399058,-1.2013177498487722,-1.212901126866947,-1.223052756942554,-1.232430734572384,-1.2409504314455269,-1.248878646854608,-1.2562915043980876,-1.2629395600872757,-1.2690321143581684,-1.2741871367843305,-1.2783139779962374,-1.2814543221735752,-1.2837219468350463,-1.2851629972112066,-1.2858026373193554,-1.285579615891215,-1.2843154889711115,-1.2847271597621885,-1.2901930566196254,-1.2952566188735761,-1.299884354313425,-1.3043148235735342,-1.3085604408060196,-1.3125585216013735,-1.3162499025217396,-1.3197005286607357,-1.3230126950271999,-1.3261972851811206,-1.3292431442174617,-1.3321303600632057,-1.3348304134711788,-1.3373614208449685,-1.339809937223681
-13.0,-0.5517057236136031,-0.9078303213984626,-0.964431450424057,-1.0074891529186054,-1.0257815215922923,-1.0308031601398309,-1.0432551421657081,-1.0586476045256972,-1.0587686565267596,-1.0773436141217223,-1.0941117874335726,-1.1099405176951938,-1.12517949387404,-1.1382178051733023,-1.1453372236037183,-1.1432147308173746,-1.144088871875508,-1.1571092173854594,-1.168190662861986,-1.1778534434170849,-1.1863110602041043,-1.1938961595753135,-1.2008275966416755,-1.2070570212566245,-1.2129136736406954,-1.218417536578923,-1.2234653839158616,-1.228181099776558,-1.232540215009757,-1.2364033518300386,-1.239742223176286,-1.2425263959658448,-1.2448318735353,-1.2466701853911426,-1.2480645733740694,-1.2490112985186803,-1.249473063961922,-1.2493611296598117,-1.2485125868901248,-1.2515739696721448,-1.2554352028659421,-1.2590380507825112,-1.2623846453974328,-1.2655962610486555,-1.2687010511292534,-1.2717215647257105,-1.2746198396611335,-1.2773862403696068,-1.279999921958831,-1.282458313527843
-12.0,-0.8469860850211028,-0.9535160127233332,-0.9813075516393494,-0.9848778648828044,-0.9840905603541182,-0.9899087399145419,-1.0038106174381047,-1.0216205691593874,-1.0367955837105707,-1.0360790662007484,-1.0548200987923682,-1.0703160885679777,-1.0839619762835657,-1.09629205838095,-1.1071644558667768,-1.1151079931346928,-1.1187043027842156,-1.1164922680954443,-1.1203194968047216,-1.1298903597839391,-1.1382200744172335,-1.1456172866996552,-1.1520957424911482,-1.1580512036351849,-1.163548589491119,-1.1685761355614315,-1.1732762290919305,-1.1777916828047723,-1.1821280319716836,-1.1862747203801196,-1.190156265487074,-1.1937472351882503,-1.1971343660022578,-1.200279403856166,-1.2031651765134563,-1.2057691829369515,-1.208071440805977,-1.2100543246180295,-1.2117562502447456,-1.2131901216617607,-1.214366353289197,-1.215266530295934,-1.2158623109753741,-1.216085797100882,-1.2183117424604946,-1.2218255823445188,-1.2252768063150572,-1.2273341474729937,-1.2271994748597015,-1.2270374477870716
-11.0,-0.9038681589367821,-0.9788363499320619,-0.9495882728894184,-0.9308715205690449,-0.9368784717820912,-0.9524427786486767,-0.9604732843384504,-0.9810484308671749,-0.9999617908048165,-1.0148773386768675,-1.0126091670050763,-1.027729147067952,-1.0418142414861287,-1.053713174516598,-1.0642086562891186,-1.0738544523606912,-1.0823862679320448,-1.0894368133967105,-1.0943612422608229,-1.096276771542395,-1.0942544453586993,-1.1025867986125408,-1.1107896782685773,-1.118593781904228,-1.1259306032830754,-1.1307395353378933,-1.1300553297562463,-1.1293416154327385,-1.1286148450353857,-1.1278923394324456,-1.1271858766787557,-1.1264827694752095,-1.1257833277773905,-1.125093973393616,-1.1244181354593947,-1.1237499295959388,-1.123105034746553,-1.1224958624703034,-1.1219468662525394,-1.1214986866522472,-1.121399547572192,-1.1262407547609476,-1.126938798718783,-1.1274237086395398,-1.1277178798898069,-1.1278479850415255,-1.1278230713880375,-1.1275908869151203,-1.1270850328266426,-1.1263951180961393
-10.0,-0.9224467741349388,-0.9146375705841973,-0.874431578241086,-0.8800887861775111,-0.8897739732075729,-0.9136117851435975,-0.9356799884549248,-0.9400611970872026,-0.9626644963468763,-0.9816768926323429,-0.9989708696843079,-1.0102566511660134,-1.0092822461531394,-1.0271071405292527,-1.025908566364262,-1.0245480407307306,-1.0231620178914054,-1.0218514918088712,-1.0207084563869686,-1.0200056291212276,-1.0209745549140279,-1.0215723291561518,-1.0216636828974237,-1.0213349084321568,-1.020608217034087,-1.0195354748592458,-1.0180371452104413,-1.0168053602852523,-1.0159042473140538,-1.014550622732785,-1.014811415815883,-1.0140514366101419,-1.0125267705729168,-1.010381589870536,-1.0076974157165652,-1.004530055626103,-1.000928982829617,-0.9969402092053472,-0.9926073261680799,-0.9879761863414969,-0.98309917800257,-0.9780682774354564,-0.9730446553457767,-0.9679008611333447,-0.9626183945646011,-0.9572641434519321,-0.9521939832926997,-0.9468455846539918,-0.9416663311166963,-0.9369283298119202
-9.0,-0.8926239660645097,-0.8375498408386721,-0.8258466869181196,-0.8431438148833337,-0.8768367012413804,-0.8927510723123059,-0.929410928681891,-0.9245348366678058,-0.9177304134118025,-0.9129696283593134,-0.9140524153654401,-0.913468372569831,-0.91217584461547,-0.9121226473275033,-0.9099035388141712,-0.9094549519795381,-0.9069330515872749,-0.9031590871253837,-0.8991135122342737,-0.8947498329126471,-0.8897507373185638,-0.8846578008657228,-0.8789544933695408,-0.8728448619706384,-0.8662737495450293,-0.8593974407046915,-0.8523980775886222,-0.8462032790824359,-0.8412089612567539,-0.8381023547948815,-0.8381538552082183,-0.8401778577842003,-0.8428612495015688,-0.8457664879110633,-0.84832910044383,-0.8513473573354087,-0.8532966283852524,-0.8552977510445317,-0.8574858891351771,-0.8591139795740684,-0.8604454376225763,-0.8618017297073448,-0.8632634480628869,-0.8645717284679827,-0.8654869612618153,-0.8666420099201984,-0.8680688817099551,-0.869560353703547,-0.8710569013568124,-0.8722323361407164
-8.0,-0.808372011424282,-0.7923247405086551,-0.8309236871912118,-0.8302150434414393,-0.8140862613716339,-0.8079342312780078,-0.8039769152183908,-0.8016990154525256,-0.795176038237996,-0.7905902380951884,-0.7855344093181849,-0.7782875724712363,-0.7698109762105866,-0.7612133679808738,-0.7537057320800188,-0.7464755758210683,-0.7433017624032571,-0.7425755061915569,-0.7438880863903312,-0.7456775612403929,-0.7485457120185974,-0.7515664667766109,-0.7544599435095942,-0.7573643559999261,-0.7595484305605189,-0.7618619630706914,-0.764156857710112,-0.7657474718049501,-0.7673724792434267,-0.7690871677368579,-0.7707477943705818,-0.7718738383385105,-0.7729923309816799,-0.7741463640085138,-0.7753610902954331,-0.7765776478670496,-0.7774528577776996,-0.7785386072724001,-0.7796165922081522,-0.7806918891056762,-0.7817732528463504,-0.7828613297226455,-0.7839297541665879,-0.784923722206728,-0.7856473531115465,-0.7863698423653075,-0.7870832005369786,-0.7877895597166618,-0.7884919431900872,-0.7891938406017711
-7.0,-0.7555280716316062,-0.775320588332385,-0.7197815412583352,-0.6992830361568225,-0.6885826362782134,-0.6765976306191359,-0.6676842117352305,-0.656594471826563,-0.6498895671440419,-0.646635834015271,-0.6467985765929829,-0.6499467373907504,-0.6531070393066757,-0.6562413498925964,-0.6586341494566831,-0.6612642312857403,-0.6634336322540623,-0.6660558290266011,-0.6688159002526906,-0.6705549965349862,-0.6723450643786052,-0.6741546759390669,-0.6758157272264805,-0.6769290884570452,-0.6780703203151733,-0.679246382279372,-0.6805055288703714,-0.6818024058073704,-0.6828173781567232,-0.6838437467417593,-0.6848574979639153,-0.6858651198474237,-0.6868766232128354,-0.6878931118686838,-0.6888852125876678,-0.6897197713024257,-0.6903580101832609,-0.6909885124945047,-0.6916124153737601,-0.6922325571458435,-0.6928535348075143,-0.6934620170235911,-0.6940747461039402,-0.6946847820731918,-0.6952704323869932,-0.6957757124827245,-0.6961649844410268,-0.6965690166061926,-0.6969885899349756,-0.6974233506012532
-6.0,-0.7723383882282153,-0.6684886531158529,-0.6101792675856319,-0.581919192430439,-0.5677966779263012,-0.562601657569564,-0.561615973543928,-0.5629859276440764,-0.5654036473845996,-0.5675030786678518,-0.5699585907661227,-0.5716954980608033,-0.5739004770065447,-0.5761677222960029,-0.5771042168123863,-0.5784935010138098,-0.5803292483021896,-0.5819331575270547,-0.5828780479058345,-0.5837917001589746,-0.5847546787211272,-0.5859657859638152,-0.587252354491706,-0.5880872172488903,-0.5889063891888384,-0.5897034375117675,-0.5904868240171639,-0.5912366831231307,-0.5919522676798364,-0.5924827634563067,-0.5929348011552382,-0.5934935356709762,-0.5941298131007948,-0.5947617698981362,-0.5953925559364858,-0.5960212249644964,-0.5966356958170431,-0.5972061412782058,-0.5976546779404854,-0.5979594155255428,-0.5982566287484071,-0.5985549367529845,-0.5988525389900594,-0.5991698407838855,-0.5995178398023621,-0.5999006758790191,-0.6003175463583692,-0.6007680058082449,-0.6012438744278047,-0.6017012996602753
-5.0,-0.7495854185208246,-0.5622116727858383,-0.5206619016688739,-0.5144412633704146,-0.5138509246967408,-0.5129864885342856,-0.5100296116281346,-0.5048254644542,-0.5010985284414867,-0.49876764953998437,-0.49766887531330145,-0.49626342407612206,-0.4957454093954449,-0.49579371411508605,-0.4958460644809192,-0.49558634016675623,-0.495823938750894,-0.4960519824821149,-0.4964649014566607,-0.4961039279575283,-0.4964865226360399,-0.49658655450265965,-0.49655148435965746,-0.49716627465780705,-0.4975527827653748,-0.49739501198009495,-0.49736302863000365,-0.49775154534427485,-0.4980987516482804,-0.4983757940957333,-0.4985841762607695,-0.4987860551192927,-0.4991163956517963,-0.49950165871553087,-0.4998127365900947,-0.5001076891229895,-0.5003805296470868,-0.5006264007494861,-0.5008478638744176,-0.5010402352677825,-0.5012309296845823,-0.5014523169538049,-0.5017255532724987,-0.5020448278636029,-0.5023969046595413,-0.5026380628607506,-0.5028775325728615,-0.5031118949180396,-0.5033397904459713,-0.5035598506718996
-4.0,-0.5944512908384956,-0.42906171555648365,-0.41807946834118753,-0.41883614417246806,-0.4190560030540121,-0.4198542133221918,-0.42119609162794824,-0.4225543518417696,-0.4235149568503158,-0.42428082631379915,-0.42516935045614984,-0.4257584805999269,-0.4261325328443297,-0.42601478972725615,-0.42637220355950645,-0.42608495323143764,-0.4248381806385707,-0.42292510465695304,-0.42096469905805267,-0.41926500840546654,-0.4177895549062457,-0.4162947272058035,-0.41492125860132717,-0.41367855846985035,-0.41267256925971585,-0.41211303388456677,-0.4112729099104477,-0.41087579587083967,-0.41028718237578315,-0.40974949716064846,-0.40905265320630213,-0.40885194551555204,-0.40824882891716413,-0.4080791941568517,-0.4080988991516592,-0.40778598475452005,-0.40757484794276966,-0.4077292881002019,-0.40773396444720694,-0.40741603932133574,-0.40706317515224505,-0.407052771452651,-0.4071260430084741,-0.4071897904858573,-0.40703330956276246,-0.4068200899441573,-0.4067091084718368,-0.4068530575876938,-0.40702019174954873,-0.407123808636419
-3.0,-0.44693442867341526,-0.3190013702627782,-0.31952202386780326,-0.3190164739530087,-0.31855746315258493,-0.31860389618062546,-0.31909800922150083,-0.31972010614489643,-0.3206547192025144,-0.32188049581449696,-0.32176966540979685,-0.3227389368531194,-0.3232494711335255,-0.3236284119666421,-0.32406361143671064,-0.3242030022336185,-0.3244970062509665,-0.3252994830021934,-0.3254669033519649,-0.32532989652379907,-0.32545687844804233,-0.3258546456101231,-0.32614776468137346,-0.3262695029949604,-0.3262303573020122,-0.3263570839299165,-0.32637930882616656,-0.32622697156301766,-0.32594552163190954,-0.32606507723730627,-0.32611220484424824,-0.3258986035382825,-0.3256578932000722,-0.3256230895709414,-0.3251011488382818,-0.3245291846972775,-0.32410345827139275,-0.3232504814387537,-0.32281832867873084,-0.32185265883033326,-0.32141606283413066,-0.3205209424406473,-0.32018054195731455,-0.3194712898883529,-0.31903254410473675,-0.3186699860804817,-0.3179623556104437,-0.3176254567846783,-0.31722785793672437,-0.31656241179284905
-2.0,-0.26746925144111416,-0.2107672525103769,-0.2143734320813716,-0.21496947261421742,-0.21544217877215233,-0.2156139737824755,-0.21545548882610804,-0.21576913517077392,-0.2157383109432257,-0.2161329267676019,-0.21661292633218754,-0.21652306020849024,-0.21707659543713567,-0.2173839748611909,-0.21750478929294714,-0.2179874366240218,-0.21820908490013294,-0.21824483426426095,-0.21810261709535206,-0.21838709616665886,-0.21888484278465115,-0.21902576390568002,-0.21877538567134955,-0.21851672655371937,-0.21876031655542233,-0.21895576621548307,-0.21909413144102852,-0.21917259331915714,-0.21920326234788348,-0.21928629543367664,-0.2193223713174295,-0.2194180120830884,-0.21950017078272657,-0.21956412701510925,-0.21960567155314276,-0.21962062395562604,-0.21960981338752744,-0.21959209787464642,-0.21961150757788084,-0.21974542700323563,-0.21994230641995996,-0.22011174992630664,-0.22010806760322796,-0.22008829418345496,-0.22004097681329324,-0.2199561595540772,-0.21983019197427117,-0.21968151065502312,-0.21957002533580083,-0.21959181564420407
-1.0,-0.15730651592630288,-0.10665947061382092,-0.10807068819790099,-0.10802757611741079,-0.10832190946994237,-0.10827604662783971,-0.10848119564320291,-0.10846626577554863,-0.108619179536394,-0.10926098236449067,-0.10877601280200214,-0.10895185605265652,-0.1095210306181888,-0.1098000876142217,-0.10923031489954622,-0.10936654798557288,-0.1097037926711333,-0.10994996418566982,-0.11007501492127476,-0.10967441383570349,-0.10982696434717926,-0.1099832455587758,-0.11008968272492024,-0.11015601260051147,-0.11018632645980905,-0.11019161062333005,-0.11029134569544277,-0.11035850731954477,-0.11039299988480518,-0.11039645102505007,-0.1103654231933791,-0.11029851208778196,-0.11020898615455077,-0.11013390667769507,-0.11015684565706536,-0.11037048128343874,-0.11054539727072854,-0.11073187020248663,-0.1106734235267332,-0.11060372851143277,-0.1105187139066087,-0.11041839705814416,-0.11031072299706533,-0.11021218238829923,-0.110141137507464,-0.11011023668065935,-0.11020864550889743,-0.11031480545730399,-0.11041775617602333,-0.11051511060695701
0.0,5.363632715055244e-13,-3.0401028916493544e-16,-3.308594717643665e-14,-2.9908801130185125e-14,-4.160040367739981e-14,-3.802297018906664e-14,-3.345891272377166e-14,-3.087981259586314e-14,-2.7754708253890925e-14,-3.0499040792886234e-14,-3.237731263650012e-14,-3.811057372460347e-14,-3.527560188398837e-14,-4.0481940716263765e-14,-4.467736944291367e-14,-4.982646240048183e-14,-5.784348694470864e-14,-3.3247710140571485e-14,-4.04420420763163e-14,-4.865899350114944e-14,-5.794713667239826e-14,-6.822016909713291e-14,-7.789558928439355e-14,-8.307026941323237e-14,-3.217088054285888e-14,-3.965794706517478e-14,-4.449956028662605e-14,-4.665452052465824e-14,-5.064828764722584e-14,-5.657236831768664e-14,-6.301079449877456e-14,-6.787756121062749e-14,-6.88936754866809e-14,-6.723831560973004e-14,-4.02850496017404e-14,-4.435297615290601e-14,-4.7179708057010217e-14,-5.1030360492809734e-14,-5.3927782378559996e-14,-5.6419278970931686e-14,-5.781356296474804e-14,-5.79809637801798e-14,-5.591100499247048e-14,-5.3062589044916564e-14,-4.524592506216507e-14,-4.4893342515672785e-14,-4.5673534398993354e-14,-4.745943221751148e-14,-5.0027256642826146e-14,-5.4076101235756013e-14
1.0,0.1572942552935824,0.10665950874557038,0.10807073961158632,0.10802762989031653,0.10832195904201979,0.10827609917365581,0.10848124726375513,0.10846632240004932,0.10861922721375879,0.10926102820809686,0.10877606521279252,0.1089518975516123,0.10952106843780662,0.10980013152594757,0.10923035810840175,0.10936658140062713,0.10970382289445296,0.10994999200967862,0.11007504159184954,0.1096744450819437,0.10982698823494842,0.1099832668697864,0.11008970187841738,0.11015602994755884,0.11018634233253523,0.11019162529621816,0.11029136018317666,0.11035851987682788,0.11039301078582135,0.11039646049360109,0.11036543143943454,0.11029851925212265,0.11020899220852816,0.11013391144124647,0.1101568476497913,0.11037048234435048,0.11054539763226681,0.11073059268852052,0.11067342456912677,0.11060372861210858,0.11051871315023405,0.11041839547384744,0.11031072054403088,0.11021217896177198,0.11014113301595932,0.11011023109691129,0.11020863833171876,0.11031479759407901,0.1104177477023435,0.11051510161209804
2.0,0.26751317009452363,0.21076761782906644,0.21437370883859638,0.2149696752965133,0.21544242514759215,0.21561420006180504,0.21545572872064822,0.21576936687971787,0.21573855738397474,0.21613314890519966,0.216613136660111,0.2165232732344458,0.21707678795812713,0.21738415286032356,0.21750495744177392,0.2179876013988663,0.21820923323611877,0.21824497040210913,0.21810274436623528,0.2183872100475676,0.21888494536048864,0.2190258691446685,0.21877548309084222,0.2185168167867633,0.21876039537847417,0.21895583630084497,0.21909419423556822,0.21917265038351202,0.2192033149700573,0.21928439715505174,0.2193224178252312,0.21941805181651758,0.2195002044296332,0.21956415516570918,0.2196056947547431,0.21962064271211693,0.21960982808927443,0.2195921086264792,0.21961151425829303,0.21974542886418846,0.2199423054306058,0.22011077439658014,0.22010806448238815,0.2200882875191288,0.22004096693853858,0.21995614679742306,0.21983017655656295,0.2196814924198875,0.2195700036733603,0.21959178970061086
3.0,0.4469523191948145,0.3190021085976093,0.3195226801936248,0.31901707398737966,0.3185581359117612,0.31860461448226907,0.31909872595614924,0.3197208242634384,0.3206553787368699,0.3218758824889029,0.32177027122847585,0.3227394819149853,0.3232499767754389,0.3236289179344062,0.32406406788621084,0.32420342431420784,0.32449740237778013,0.3252998435307904,0.32546725800486614,0.32533022550379975,0.3254571833202491,0.32585492133488636,0.3261480168706593,0.3262697391932826,0.32623059840041696,0.3263573012789387,0.32637950581621195,0.32622715204744424,0.3259456902171603,0.32606523140612975,0.3261123443402611,0.3258987329103477,0.3256580194232715,0.3256232154621966,0.3251012633276776,0.32452929550890086,0.32410355813011127,0.3232505802996639,0.32281730741623116,0.3218527490365002,0.32141614685036435,0.32052102766492724,0.3201806249826721,0.31947136981987406,0.3190326254114027,0.318736707426479,0.3179624408800172,0.3176255361744897,0.317227929688776,0.3165624803816826
4.0,0.5945168007930202,0.4290664317839696,0.4180817196946914,0.4188377907776761,0.4190577403305211,0.41985594066995846,0.4211977447124395,0.4225559108757434,0.42351650822552306,0.42428222938703397,0.4251706847479176,0.4257597566384567,0.42613373496032686,0.42601594915217567,0.4263732332173522,0.4260859862061953,0.42483914057172234,0.42292598848980406,0.42096567343681457,0.41926598765888634,0.4177905644818483,0.41629578726918065,0.414922358558966,0.4136797017328155,0.4126736108271727,0.41211322595894273,0.4112740656078508,0.41087683868904135,0.4102883612773317,0.4097505624507,0.40905381589763656,0.40885306296008733,0.40824980632414476,0.4080802972438539,0.40809872570396893,0.4077869723847246,0.4075758924799994,0.4077303066802612,0.4077349677385321,0.40741697421098505,0.40706411755800526,0.4070537255102914,0.40712695259953313,0.40718963034249706,0.4070341241175865,0.4068208863746087,0.40670992127650796,0.40685386494482395,0.40702096711050334,0.40712454981848273
5.0,0.7496606869947126,0.5622131274189226,0.5206689058722622,0.5144454017905693,0.5138552294422809,0.5129906768450933,0.5100336500457676,0.5048296391989343,0.5011034556381118,0.49877285641234703,0.4976690581804882,0.4962689476336562,0.4957509205050613,0.49579873523854295,0.4958512309911325,0.4955916614907894,0.4958287677703434,0.49605704073595297,0.4964696712918468,0.49610870493583453,0.496491203682555,0.4965908916002645,0.4965559252318884,0.49717063551529,0.4975569906152439,0.4973990164985768,0.49736714206129884,0.4977555645711154,0.4981025860925667,0.49837946365940655,0.49858770606576114,0.49878953917759017,0.49922693493667347,0.4995051640170308,0.4998161035282946,0.500110926820622,0.5003836433702492,0.5006293987156888,0.5008507573802019,0.5010430313739972,0.5012336532341852,0.5014549930224314,0.5017281937919059,0.5020474385559759,0.5023988233966427,0.5026405799777364,0.5028799636670304,0.5031142435451942,0.5033420598951381,0.503562044299129
6.0,0.7722778786353479,0.6685387504233673,0.6102144055517007,0.5819446549538068,0.5678220523051409,0.5626223527486988,0.5616372238333561,0.5630045574771443,0.5654213401884818,0.5675209394692246,0.569974638245628,0.5717112517430706,0.5739156010913902,0.5761768769408862,0.5771177635563879,0.5785070739107203,0.5803419705901068,0.5819454237583778,0.5828896593990165,0.5838027469538483,0.5847654646835354,0.5859765189952167,0.5872627964996219,0.5880971723182813,0.5889159018006697,0.5897125440439877,0.5904955642802892,0.5912450777909788,0.5919604556432012,0.5924908827175155,0.5929427622889502,0.5935013816931842,0.5941373728994372,0.5947690628692416,0.5953996002791304,0.5960280401820938,0.5966423060839388,0.5972125581177672,0.5976609918898439,0.5979655345785305,0.5982625712586611,0.5985607234898399,0.5988581737674756,0.5991753537826247,0.5995232387998249,0.5999059639170345,0.6003227222972638,0.6007730974732148,0.6012488327492709,0.601706137577568
7.0,0.7554456978674376,0.7755458944997572,0.7199291954410276,0.6994259981452859,0.688690530067608,0.6767044527748055,0.667768008602075,0.6566673016739779,0.6499462563713109,0.6466805249410714,0.646839986122476,0.6499831580461767,0.6531399104507228,0.6563088853136345,0.6586623107781497,0.661290961387557,0.6634594893744273,0.6660812366799601,0.6687831289471057,0.670578081222098,0.6723669361518241,0.6741755087957133,0.6758360830818302,0.6769486318967287,0.6780891837980191,0.6792645784756836,0.680523195664771,0.6818196264274656,0.6828346922417575,0.6838603927322965,0.6848735228739636,0.6858805639034339,0.6868915260929064,0.6879075229104632,0.6888992073133674,0.6897335363385169,0.6903713351881834,0.6910014240818423,0.691624937906217,0.6922447136141835,0.6928653478449265,0.6934734788817859,0.6940859202719377,0.6946957116680191,0.6952811641481139,0.6957863304188027,0.6961753704147475,0.6965791810696861,0.6969985386152147,0.6974330858835841
8.0,0.8083539890809767,0.7923893517856109,0.8308650839212585,0.8304727534365778,0.8142596762039462,0.8081413082911654,0.804145565602697,0.801861728255914,0.7953438410449981,0.7907415834790411,0.785674382188108,0.7784146700296936,0.7699282554377281,0.7613194070564573,0.7538008405833605,0.7465590393409655,0.7433704762987572,0.7426330811125562,0.7439391226131021,0.7457240324999367,0.748593305943156,0.7516117248973665,0.7545022949859661,0.7574051815205742,0.759587162946214,0.7618986962457334,0.7641928029550986,0.7657819217298423,0.7674055353133712,0.7691189467460201,0.7707792157122689,0.7719042557829432,0.7730217052177452,0.7741748540813499,0.7753887248381843,0.7767288103207163,0.7774807051957868,0.7785655643405867,0.7796427045314691,0.7807172007596214,0.7817978053695037,0.7828851739674086,0.7839529808377916,0.7849447777889834,0.7856696693187458,0.7863915661806448,0.7871043612175848,0.787810183324383,0.7885120535041878,0.7892134604566635
9.0,0.8926392535420327,0.8377834210528216,0.826087053432451,0.8433604816296806,0.8770062126495213,0.8929094915891684,0.9297531388472454,0.924842861763858,0.9180050511979521,0.9132615188282426,0.9143144130502904,0.9137099391464549,0.912403882152777,0.9107088741330136,0.9101077961164716,0.9096465658801628,0.9071168600150323,0.9033361098461659,0.8992928592041277,0.8949223467107843,0.8899265701448812,0.8848234095677828,0.8791102779446359,0.872995577235546,0.8664198452831225,0.8595386508513051,0.8525339607195165,0.8463377561829387,0.8413361830549271,0.8382225293850653,0.8382677603739032,0.8402873662665732,0.8429687549774092,0.8458700998453091,0.8484292593551123,0.8514408401521307,0.8533826348519837,0.855376242850572,0.8575557744795101,0.8591770643490465,0.8605019256474836,0.8618518820684592,0.8633114557521312,0.8646196260756946,0.8655337231748568,0.8666893502490555,0.8681147736514238,0.8696048695872802,0.8711003883765952,0.8722752779680366
10.0,0.9225525832790751,0.9149670685861184,0.8748454450093227,0.8804834714507318,0.890164633672746,0.9139526058816868,0.9359665683216536,0.9403633926531842,0.9629191274717875,0.9819098619779812,0.9991846373624549,1.0104317528604037,1.0094965659910047,1.0275044617273974,1.0262868432240981,1.0249131644494953,1.023516385125351,1.0221966322258387,1.0210463063283541,1.0220191467507107,1.021316375677992,1.0219000080861593,1.0219790875181702,1.021639039979623,1.02090302651607,1.0198217294889276,1.018313715957929,1.017088960479735,1.0161760858641784,1.014843167145272,1.0150766412467507,1.0142980661678918,1.012760076825083,1.0106048128650997,1.0079128041142156,1.004738941865724,1.0011321149464567,0.9971379440958561,0.9927998266141503,0.9881635482153408,0.9832815333417693,0.9782549307817018,0.9732248296678621,0.9680757077019423,0.9627885004323247,0.9574343685475889,0.9523571688517257,0.9470013540833756,0.9418182224950163,0.9370778762591737
11.0,0.9041392852311938,0.9790358900443907,0.9500472689002288,0.9314817647600455,0.9374797927209497,0.9530151550725886,0.9610725558206691,0.9815847649412011,1.000462033623382,1.0153143295841385,1.0129382372848725,1.0281780031834857,1.0422204841421174,1.0540838568016426,1.0645554954815128,1.0741751811310924,1.0826841791377773,1.0897187694157173,1.094621796336212,1.096514935063133,1.0944664012331256,1.1028616516042828,1.1110567991670206,1.1188454046231562,1.1261749331340636,1.131190905491153,1.130499911470489,1.129779951606542,1.1290473060737674,1.128319306000372,1.1276072318362969,1.126898588297855,1.126193735533562,1.1254990686626696,1.1248179380201058,1.1241446059172002,1.1234949839704707,1.1228817568951421,1.1223291092490901,1.1218766540477514,1.121772493656437,1.126669975855323,1.12735830616341,1.1278345857628138,1.1281204194443102,1.1282425848989794,1.1282086235706588,1.1279616818806149,1.1274440303591386,1.1267452034551837
12.0,0.8479483865338926,0.9539322006901582,0.9819149566916688,0.9856149756419202,0.9849280484942631,0.9907652469931577,1.004669194957141,1.0224574828195365,1.0375380832951544,1.0369193025112418,1.0555990720333808,1.0710514904605017,1.0846713978623648,1.0969660929962621,1.1078069751706585,1.11571485122564,1.1192685512076648,1.1170036802904937,1.1209575705169497,1.1304856589795824,1.1387936437314914,1.1461578255865692,1.1526184595847961,1.1585598052785857,1.1640358406386255,1.1690351311709002,1.1737246443155225,1.1782276702021433,1.1825505365923412,1.1866772669224859,1.1905349686817785,1.1941175039064054,1.197496341033163,1.2006313942793676,1.2035078416425218,1.2061014602141198,1.2083926586494054,1.2103652269557834,1.2120580033037658,1.2134874342027235,1.2146620631942229,1.215560571876775,1.2161542943332668,1.2163738765080285,1.2186336489349152,1.2221458339870377,1.225592550415775,1.2278857145114173,1.2277454560075378,1.2275779396015296
13.0,0.3691753472862771,0.9085988395696687,0.9651435269367363,1.0083867600886522,1.0268823772799895,1.0319274263106755,1.044417852028444,1.0597854277594034,1.0599618524022942,1.0785024994426504,1.095226575742462,1.1110257324929596,1.12622373537571,1.1392302207759306,1.1462596728452294,1.144047651968802,1.1451293777131093,1.158110121032193,1.1691445310262365,1.178787774506943,1.1872077304878834,1.1947821134877343,1.2016829458153049,1.2078875025494207,1.2137365360188763,1.2192218582663843,1.2242444952283986,1.2289574946945874,1.233306595894234,1.237153419250922,1.24046764577333,1.2432340566397913,1.2455309207111396,1.2473597393154163,1.2487441909063306,1.2496798958411115,1.2501292244034947,1.2500018494201846,1.2491341788018613,1.2523050496747778,1.2561464859325786,1.2597200653866967,1.2630533526747865,1.26626050129396,1.2693608879828429,1.2723725027045574,1.2752586765181364,1.2780064511241767,1.2805968275631285,1.283038240767291
14.0,0.370507328869918,0.689496604749158,0.8883120320974175,0.9838580363104983,1.0350161306765486,1.0555709022279554,1.0751107706591525,1.0803523475254202,1.0942623859489264,1.1114830576165033,1.128764842252977,1.1463853265624815,1.1616769628650014,1.1675504678215276,1.1568189066426589,1.1745142985513966,1.1897494370336652,1.2027280695437705,1.2142664026511294,1.2243756175160594,1.2337362177585471,1.2422128304749327,1.2501366941639864,1.2575143790071237,1.2641350910810374,1.2702035955092879,1.2753244631152274,1.2794064693349414,1.282531231490485,1.2847846768893436,1.2862113789689178,1.286833735206693,1.2865883332074801,1.2852938450032512,1.2858793686929004,1.291329597159577,1.2963514936491363,1.3009694900896906,1.3054012653283058,1.3096370859080855,1.313609080840615,1.3172650134896078,1.3207096669340461,1.3240153530853571,1.3271955210673703,1.3302279797285832,1.3330943393572858,1.335767044403555,1.3382913289670355,1.3407397453191663
15.0,0.37873383977341174,0.43664143236891134,0.771732926470768,0.9101362694259285,1.0094055754732938,1.058718992681959,1.0909191995950045,1.0963080247190704,1.1170000626265282,1.1367824696848066,1.1571336122070324,1.1740580495623898,1.1748882598075086,1.1743513081942467,1.1935115602637412,1.2103338703651227,1.2250665808561207,1.2385459611482659,1.2507639841401403,1.2622587543582153,1.2727957734532787,1.2828384937159705,1.2917736459342766,1.2999528809923278,1.3066555249370286,1.3115584863604928,1.3148885145604983,1.3166635483480482,1.316883189182855,1.3154013009394718,1.3118085586675234,1.3156376587835683,1.3230791169657412,1.3298150587743462,1.335993888817805,1.3419250403635137,1.3474826737862249,1.3524886705591257,1.3572397178704325,1.361819546222492,1.3661652353128633,1.370173088812082,1.3738625254917254,1.3774129791580467,1.38084996904045,1.384159340587607,1.3872933108980385,1.3902116023254798,1.3929380602087083,1.3955824548899287
16.0,0.4024537662300647,0.6090571049205322,0.9903790059994655,0.7671369419631209,0.9453047849535443,1.0355427455096797,1.0545185455133466,1.0928877837324795,1.1210871578093242,1.1473801339802847,1.1701567697908455,1.1733332296018617,1.1722954064688234,1.194614253450667,1.2137686099639944,1.231057998725013,1.2469515547036871,1.2621500211037056,1.2764097880204754,1.2899611027768951,1.3023718100758082,1.3135576215540046,1.3229156161432492,1.3292772952532648,1.3329515696499448,1.3337829096905645,1.3315201960258203,1.325471400272355,1.3287785547271376,1.339031921826395,1.3484938002226348,1.3569991344588055,1.3651513589798028,1.3725513078510962,1.379239287955589,1.385714242103827,1.3918636450970594,1.3973499422861375,1.4024698358132575,1.4074246485239863,1.4122131091626269,1.416683700433993,1.4207338415605923,1.4246084893911084,1.4283811013137597,1.4320682520881485,1.4356181514792947,1.4389513690951548,1.4420272712833928,1.4449863422761147
17.0,0.5898542405131756,0.5958937662489421,0.6237089909107485,0.4278777444805835,0.8047583464044338,0.9706767918207094,1.0094964727388895,1.0621429780891478,1.1060762203306516,1.1437701403335059,1.1587024935114127,1.149262193444778,1.1769230817460041,1.1998783926093426,1.2202676650170776,1.2391051061914304,1.2573948287283292,1.2748762270390375,1.2916858331363315,1.306611272592872,1.3197689748324613,1.328987898142607,1.3335733905262306,1.3332580421467555,1.3270935447083507,1.319500176864688,1.333165032999254,1.346264616790507,1.358031547192302,1.3690754315883706,1.3795409571956059,1.388731112933602,1.39775128120357,1.4060958330760835,1.4135338775427926,1.4207935962423779,1.4277897384135771,1.4339627753164117,1.4397796808301084,1.4454864838091959,1.4510618160733189,1.4561766699776488,1.4608199349192361,1.4653386014510636,1.4697786645476865,1.4741350277575658,1.478264279213189,1.4820155938584931,1.4855381214136716,1.488964063839024
18.0,0.6463455720207711,0.642368551601622,0.6209260205076809,0.6264969244392887,0.6457861145061009,0.4609906031609256,0.903926242605972,0.9900946826850467,1.0660578916126189,1.1182562091283352,1.0935917296251383,1.1311365662807091,1.1611604048651487,1.1869457228517883,1.2105177229255752,1.2325725031506092,1.254629891709598,1.275014621814667,1.293127006583796,1.307574850982641,1.3157756588550518,1.315637687349817,1.304705522194289,1.3007196352146455,1.3194922819220196,1.3364572809874051,1.352186930840214,1.366797478861958,1.3801129351709038,1.3922839897056285,1.4038266758755726,1.4138062647991563,1.423660728324037,1.4325873917297673,1.4405563996474895,1.448433807764199,1.4559853494161916,1.4625208448096676,1.468788184980926,1.4750155308409794,1.4811427841856757,1.4866052882079,1.4916732415372458,1.4966425270325439,1.5015764142536852,1.506436089226733,1.510928232242238,1.5149472494905032,1.5187842055700993,1.5224643823614001
19.0,0.4475008982316426,0.4568111073000388,0.6558960022669394,0.6553157118823985,0.6524481461558891,0.4674259033563067,0.4791657180219093,0.4681302447832982,0.9680078349539917,1.059288453650879,1.0304451028927015,1.0827928698243339,1.118859299061054,1.150544354539122,1.1793643185295113,1.2077407124025554,1.2346903115685295,1.257329498766199,1.273380941361539,1.2778463086237615,1.2670961118870043,1.2557593805547778,1.2805597721037225,1.303488528746514,1.3242487786572046,1.3421613073316154,1.359592101524736,1.374125226788919,1.3884465600390252,1.4004955510685848,1.4127475455278389,1.4235058339469113,1.4336016993709988,1.4438702484101686,1.4527042774652947,1.4611423503317327,1.4698000181477822,1.4777129841387209,1.484771080206559,1.491803307039714,1.4989224094421667,1.5053650083495198,1.5110703719635992,1.5166638184305274,1.5221731256213535,1.5275424555306978,1.5324042771190112,1.5365732641977705,1.5404502012524892,1.5441201501877915
20.0,0.6687448942530251,0.47624446245595403,0.6692066850688121,0.6767451794262084,0.6844269654018316,0.49591365738787435,0.4862971413007014,0.49379668018900846,0.49796462185076795,0.9262048031733324,0.9089332705517497,0.9815600167306434,1.0381373728654577,1.0833428912469467,1.1223470200346901,1.1596536612258443,1.1911928518714094,1.2115169490278896,1.2156319657007015,1.1983394396006668,1.1967407989570462,1.2271982137330546,1.2542838383456563,1.278683593699687,1.3004858042930152,1.3204394653063118,1.3396635550862308,1.3566848837666867,1.3725641272980966,1.387719690411513,1.4014716811924843,1.4144820967338514,1.4272622451033419,1.4382853014781352,1.4500225761857215,1.4601699390072005,1.469665061092966,1.4795739368845646,1.4882474001085386,1.4960308351080156,1.5038313116000335,1.511602319474082,1.5180205059914076,1.523720202970964,1.5290919491794193,1.5342435345774064,1.5392156199347466,1.5435519116395202,1.5470087199051468,1.5500019323241156
21.0,0.6972118271707785,0.4944059181857698,0.7010057642233632,0.7022772744288199,0.7035172947942048,0.5059458251607263,0.5176855472584299,0.5073887200128903,0.5109711183917074,0.5168531526849487,0.518612657243264,0.9262036469098236,0.888107887310418,0.916059019340535,1.0181626747905739,1.0765697029771857,1.1146868272533097,1.1313309803442104,1.1240874768162552,1.111619583977273,1.1251171800041604,1.1574557498985198,1.1871258537516627,1.2148409728979122,1.2408344649339538,1.2652392074271783,1.2878325830424822,1.3085210582417184,1.3282819426504036,1.3475220910653452,1.3656944956632657,1.3814301304560792,1.3980853956674897,1.4119357257765153,1.4268591707607587,1.4388482299422498,1.4520474570935673,1.4625503817214691,1.4725082221363346,1.482851154831096,1.4907015658822276,1.4976674820866382,1.5042503771767253,1.510577615156041,1.515759473081543,1.5195268447406798,1.522616764051539,1.5251169319592783,1.5270401342653408,1.5283753494096033
22.0,0.7233131189502985,0.515829930617996,0.7246022141056891,0.5332710624125286,0.7345847841039659,0.5345381858733832,0.5271547179906373,0.5322824198978809,1.0378128773569022,0.742411724503455,0.7455359592641736,0.5357542023922816,0.9435858657912443,0.9551669552118046,0.9114939282278406,0.9759679934946272,0.9988349285848571,1.02639295015967,1.011787736984527,0.9573432691574816,1.0174282297346844,1.05428064035105,1.0836199541917944,1.110174185430495,1.1369425087892673,1.1630200499657586,1.1891136524720654,1.2148993197990618,1.2393896639454154,1.2627329013221344,1.2855369933039644,1.3078835528827373,1.329586238824363,1.3505744717293886,1.3699506447793286,1.385923695078613,1.402455220887874,1.4154236037677872,1.4282431698905313,1.4375850441181208,1.446892161621352,1.4541540710493608,1.459035402778914,1.4628041282910211,1.4654773906485938,1.4670087166720696,1.4673210707943423,1.4663642275701345,1.464102037202777,1.4603289403436837
23.0,0.753226760683431,0.5374491907930005,0.7551562994343127,0.5415259583959499,0.5537777500495691,0.5464947274047094,0.7702558426660219,0.5491728310016357,0.7704105890415262,0.7741405089483345,0.7748526174063654,0.5584347010973809,0.5546056321547186,1.3093283683537094,0.7784203371026988,1.0935525737868084,0.9478784972493194,1.484234650388518,0.9640771491037037,0.9722598602513458,0.9416493399009649,0.9121170817785231,0.9938505543918191,0.9744031589564578,1.003604991216028,1.034384483032317,1.0613919896695014,1.0788950660294674,1.1041859909431846,1.1239825898571607,1.1473684767064334,1.173327988279302,1.1996100665472478,1.2213123742221044,1.2462263030902123,1.2712475232217002,1.2946454352157022,1.3153112096401014,1.328660088552909,1.3433257636328595,1.3514556047078035,1.3581191715458896,1.3635250760163564,1.3663611355093275,1.3665934972820284,1.3645168951789168,1.360426859549884,1.3549982627727917,1.347965498484211,1.3526558353898315
24.0,0.786714837922825,0.5552443123999593,0.7882057206890035,0.5655654818071054,0.5649510968211088,0.575079148125434,0.7948430618711535,0.5714288390179082,0.5768532329417432,0.5762526381769595,0.5735194686610541,0.5751852190650917,0.5773383108945154,0.5799283769086052,0.446017591998306,0.5813706184357066,0.9291268275041419,0.581425663538587,1.1043422859453047,1.0637941064113916,1.7939768730293002,1.1222587355395115,1.1322197355076744,3.864144736387748,1.0021936315654167,0.9655930426322694,0.9535394619604596,1.011802253483326,0.9026617927290407,0.9529878727875258,1.012768634526786,1.0267268370232332,1.0531173121517095,1.0770567492812169,1.0885529955830733,1.1003296713876984,1.1122270625384076,1.1355828890169781,1.146956943673095,1.16907170843017,1.178329424310745,1.1867920439512232,1.201503812829385,1.2053286027423669,1.207196602924841,1.2072172543015705,1.2054090793876115,1.201720892393223,1.1920383536437462,1.1839557440721793
25.0,0.5670509358949503,0.5844133192991209,0.5789077060932942,0.5822200876097224,0.589163996709206,0.5869203916804026,0.8254129820927137,0.5951526757936255,0.5914920278569716,0.5932660847373882,0.5956523030587847,0.598617823747652,0.599498215884902,0.5988510852482484,0.8333472239740821,2.1863865859286458,0.5992831027813286,0.6006231383824916,1.0539310307491454,1.3505061322717018,1.7307742508816464,1.602665809978499,0.8394766908553873,1.1364654743908378,5.8082979688215195,2.834921832353493,1.6849299244631064,0.9093294751027514,1.0198490531542046,1.0007796391599555,0.8496775113289302,0.8505627473858525,5.500536823879011,0.9311073818968115,0.9771714227857418,0.9908812434203093,0.9984834540916775,1.0039711514421947,1.0250552891486973,1.0290845997805598,1.0317901601776913,1.0333518863951596,1.033461583660946,1.0303676671247952,0.9976170129818265,1.014304648798906,1.0248250029404247,1.0307257241387793,1.0358162793908032,1.0406540408351037
26.0,0.588867067066475,0.8384401778660426,0.6002372131042334,0.6024487714465906,0.6043326238059992,0.6078399127554719,0.6111124850378831,0.6099188720651979,0.6122323295133868,0.6153938748473273,0.6164829721940446,0.85943486138842,0.6153332715693676,0.6166105661150145,0.863163618995153,0.8643088912439822,1.4798703558074922,1.1979841282861208,1.3924390899613281,2.2671762604494505,0.6215066772100746,0.9512283427890069,1.3972774966085884,1.495038765344032,1.9715790863746794,1.0789191601032928,1.0558613733253654,1.1690326336910573,0.8750186814185102,1.0333066864850127,0.8741491181321297,0.8744989054241724,1.7102435936610112,1.01490885033305,0.8748082546698698,3.22412321950118,2.7787025918577863,3.753362809059376,1.0435889183175773,0.985556507227288,2.0549851197363806,0.990398728534733,0.9710390049575692,0.8840209185665354,2.455204789514248,1.7070922464924887,1.4409244681207871,1.0010549847397696,0.9968016463540675,1.0005713493013833
27.0,0.6056434766462591,0.8706575857400765,0.8711411302976383,0.6250119982788332,0.6236962253411956,0.8805728755178537,0.8824037697008347,0.6299383465298283,0.6333739139665268,0.6318248659818159,0.6323330711058457,0.8888078496215952,0.635254835828355,0.6370283027167473,0.8920214547687606,1.1075753331648674,1.4842807881352407,2.1700641456646044,0.6380078462164703,0.6386816696068638,0.6394137162830095,1.7402681336748154,0.6409812939561828,0.8961803449629908,0.8970012201918598,0.9465738697319543,1.4944796513830731,2.5149498676511373,0.8975955188594112,1.6124507566456847,0.8822278628251095,1.4098135753261725,1.3186044899547509,0.9009465306709712,1.0376424777881827,1.045769809728079,0.6443938678012785,1.1334183607904726,1.0659240474978684,1.1874405149752902,1.0959236912365253,1.685591984983113,2.1644553917743092,0.9052673530034829,1.0861808260700658,1.2040829366969243,0.9066367569820596,1.3370666180015707,0.9077667638513256,0.9084276550632866
28.0,0.8939174500375819,0.895129619391041,0.8999961376942356,0.9036408866248283,0.6455183754642384,0.8931182822797775,0.910766485891081,1.086179566823724,0.9132640975844349,0.6493938575927012,0.6510789671616214,0.9170128189930138,1.434910204954739,0.6536173745766156,0.6533798458067521,0.6541594793878469,1.4385351830053692,1.576903256557851,0.6568398335974684,0.6577406226063792,0.6586248371385907,1.5631008937059843,0.6588771433707542,2.245410202226357,0.9227832302367704,0.6592187239062096,0.9233225084429376,1.1060708495895015,0.6594145470580575,0.659814168279983,1.2467887465427343,4.092771904534849,0.6611025112612036,0.9258008759888803,4.154510021374034,3.604653173141353,0.6627425270410803,0.6631224377331725,0.663496297334512,2.777352155092997,0.7817446426475069,0.6646283103295852,1.1463935593314922,0.9328761291652641,0.665036546301751,0.6649919615771747,0.9339031177688875,1.085324059674211,0.934637497110494,0.9350324122280889
29.0,0.6462928386776737,0.9230032037485462,0.9279339273752295,0.9313473221865948,0.6577808958329192,0.6607279901910386,0.6629212378819778,0.6634481126860202,0.9412775782924185,0.6671940960328027,0.6684781322839624,0.7544737592925195,2.9322460677385744,0.6696775453066016,0.670690688554475,0.6717173255075274,0.9475500428410908,1.1118464884589945,1.4309984488731469,0.6736323125878364,2.5136662990294485,0.6737432222866813,0.6739546213632069,0.9492530823438672,0.9496891556694366,0.6752962559888368,0.9511304026058731,0.676302494119412,0.6768249313347644,0.6773547342085041,1.3797112397154403,1.7996106192131684,0.6787408168974837,0.9530954110778452,0.9533674023850742,1.4675377464186528,1.3049435341550437,0.6781995992870644,0.9541542037494147,1.504998650569798,4.2516338543428835,1.07508017485031,1.076509390048353,1.3726584556250199,0.6813839951267001,1.6670813577387096,1.501310833899321,1.1777746580094706,1.221404913176753,0.5623630269480684
30.0,0.6523812287648738,0.6640726963896507,0.9541875810108541,0.6725831848009921,0.6737569896685713,0.6771022862019195,0.6776649883403113,0.6796262611599547,0.9674159044816205,1.7883755378800548,0.6826563616986006,0.6837039635472344,0.6847880064180613,0.6859054704348951,0.6870578222600131,2.177595874805719,0.972444976444595,0.9728974759812802,3.232560911100855,0.6883165877844731,2.7650102208275875,0.6893056134760339,0.6898209294840789,1.7248813186859626,0.9767940268751577,0.6914123574492931,0.9773214440451745,0.6924757177685673,0.6919060931523384,1.414251062460129,1.4391816624585079,1.9277479547162875,1.2440869625213884,0.7365234752599437,2.3015227082370155,1.4596655219987889,1.7635844933344376,0.7602346735811109,0.6536722682722634,1.0466544471411765,1.5573166706123789,0.6932469419360686,1.0585613316404712,0.8245877726113324,0.6937555140836773,0.693933017730564,1.1146465440623055,1.1839695093939662,0.6944977920102021,2.798365472634063
